model,waic,waic_weight,elpd_diff,se_diff
PE,2391.09182874717,0.451626971462526,0,0
siblingsVarietyScoreP,2391.43254866141,0.200962080586999,-0.170359957124369,1.1084141901954
siblingsVarietyScoreW,2391.61229677832,0.0489846965767265,-0.260234015574398,1.10330505106303
hhSibs,2391.65374347343,0.0932700542213363,-0.280957363135527,0.959245299088549
null,2391.96290701457,0.000358756345149784,-0.435539133701242,1.32352667008055
ccAge,2392.76999749906,0.204740647784137,-0.839084375941806,1.71652351378181
sibsChildAged,2393.05911376915,0.0000351852124208857,-0.983642510983507,1.03497224607878
ccHours,2393.15584931646,0.0000134140684521171,-1.03201028464717,1.07849163409969
hhTotal,2393.64699636795,0.00000819374225201524,-1.27758381039102,0.970324702103115
