model,waic,waic_weight,elpd_diff,se_diff
PE,2390.22224116382,0.54054389327137,0,0
siblingsVarietyScoreP,2390.42866776311,0.340814572590023,-0.103213299640842,1.09516207899065
ccHours,2391.66677599631,0.000132019992899967,-0.722267416244368,1.04493775142533
hhTotal,2391.96547402687,0.000120462824633315,-0.871616431524594,0.925578908261206
hhSibs,2392.2450817799,0.0000188858956093715,-1.01142030803581,0.976220196352
sibsChildAged,2392.40715622022,0.000013422789118614,-1.09245752819766,1.04185094768977
ccAge,2392.4452238625,0.118292007057582,-1.11149134933674,1.68580105235544
null,2392.61793797394,0.000058311102272881,-1.19784840505763,1.29010869270146
siblingsVarietyScoreW,2392.95195302965,0.00000642447649111077,-1.36485593291267,1.08771676194413
