model,waic,waic_weight,elpd_diff,se_diff
PE,2540.83511631832,0.686448795757395,0,0
siblingsVarietyScoreW,2541.26588371967,0.0605676241905384,-0.215383700669814,0.968872773306033
hhSibs,2541.61977154458,0.000349205140487031,-0.392327613127461,0.864083429480379
ccHours,2541.63564949724,0.000387816638735338,-0.400266589460074,0.943875035171216
null,2541.69474837228,0.108389519302746,-0.429816026984384,1.18399329625781
hhTotal,2542.09860884862,0.000100629782724556,-0.631746265145575,0.903981395923085
ccAge,2542.55929601903,0.143726316035014,-0.862089850350141,1.68647616225643
siblingsVarietyScoreP,2542.96755656165,0.0000187032867477225,-1.06622012166707,0.948225925480951
sibsChildAged,2543.27517821594,0.0000113898656124655,-1.22003094880154,0.962867147006485
