Predictor,WAIC,SE_WAIC,Weight,ELPD_DIFF,SE_ELPD_DIFF
Age (scaled), TANGO score (scaled),570.143090592629,26.3681563980403,0.971701355456444,0,0
Age (scaled),577.215559797155,27.1149654628574,0.0282986445435507,-3.53623460226301,4.14745208383664
Null model,635.80479987168,28.7132738005369,0.00000000000000536134558835653,-32.8308546395255,10.6076443893517
