Predictor,WAIC,SE_WAIC,Weight,ELPD_DIFF,SE_ELPD_DIFF
Age (scaled), TANGO score (scaled),570.157101256798,26.3835413161744,0.977036509841022,0,0
Age (scaled),577.658338157544,27.1584707106598,0.022963490158972,-3.75061845037311,4.15777305180097
Null model,635.72480142131,28.7020527004126,0.0000000000000056502232313589,-32.7838500822561,10.6208804032936
