Predictor,WAIC,SE_WAIC,Weight,ELPD_DIFF,SE_ELPD_DIFF
Age (scaled), TANGO score (scaled),570.344147692008,26.3825240544407,0.972982075315186,0,0
Age (scaled),577.511877965978,27.1339771767722,0.0270179246848084,-3.58386513698471,4.14481321369938
Null model,635.901095853482,28.7188440797712,0.00000000000000565710736389817,-32.7784740807369,10.6022226715887
