hedge_odd_even,hedge_odd_even_ci_lower,hedge_odd_even_ci_upper,hedge_first_second,hedge_first_second_ci_lower,hedge_first_second_ci_upper,box_odd_even,box_odd_even_ci_lower,box_odd_even_ci_upper,box_first_second,box_first_second_ci_lower,box_first_second_ci_upper
0.722917959017666,0.598200257630375,0.815143841220844,0.709090774864569,0.506176079235754,0.806678945263041,0.552037643879524,0.345090287023136,0.688304904008789,0.787964101859966,0.644955439410791,0.86471460684532
